{
	"dutch": {
		"e": 0.17827356114836543,
		"n": 0.09362421726028686,
		"a": 0.07754131214766917,
		"i": 0.06303725348102827,
		"t": 0.06029756377460026,
		"o": 0.05627976725418563,
		"r": 0.055755194130874916,
		"d": 0.05324922584813923,
		"l": 0.03541234802064835,
		"s": 0.03474612111061842,
		"h": 0.03299822764305531,
		"g": 0.029113295636140495,
		"m": 0.024984681029218036,
		"k": 0.02448969845907927,
		"j": 0.0210870045761351,
		"v": 0.0207371182580598,
		"z": 0.018520610040016094,
		"u": 0.017788243849010246,
		"w": 0.017290185033244695,
		".": 0.013860097915433422,
		"b": 0.013455937835228374,
		"p": 0.012773450769742576,
		",": 0.011990399769838232,
		"c": 0.010262208923075255,
		"'": 0.008542148154040216,
		"f": 0.007992598845997723,
		";": 0.0016223533484127964,
		"/": 0.0015066279176908,
		"y": 0.0012201708546821118,
		"-": 0.001084816047103473,
		"x": 0.0002997874607247664,
		"q": 0.00014392434896754605,
		"]": 7.837101953957978e-06,
		"[": 7.617370123473175e-06,
		"=": 3.295977457272047e-06,
		"\\": 1.0254152089290813e-06,
		"`": 7.324394349493437e-08
	},
    "english": {
		"e": 0.11707821159087445,
		"t": 0.08888793057787928,
		"a": 0.07929438339288444,
		"o": 0.07596537555858761,
		"i": 0.07098030892291457,
		"n": 0.06768574464109875,
		"s": 0.06397138913019586,
		"r": 0.06023489663497088,
		"h": 0.0455594369856355,
		"l": 0.041247072219789925,
		"d": 0.03618575494101003,
		"c": 0.03085011572590801,
		"u": 0.02875582207266697,
		"m": 0.02420186323714051,
		"f": 0.02125734523652984,
		"p": 0.020916440778657525,
		"g": 0.02039296879947631,
		"y": 0.01917748884778121,
		"w": 0.01793861760630549,
		"b": 0.014901471118301072,
		".": 0.01096527974680743,
		"v": 0.010666112824729627,
		",": 0.010024086954018773,
		"k": 0.007994738965296996,
		"'": 0.004488936660692718,
		"-": 0.002612975623037112,
		"x": 0.0021478763768132524,
		"j": 0.0017396497976841232,
		"q": 0.0010212249002262027,
		";": 0.0009741756938114714,
		"z": 0.0009636427738517747,
		"/": 0.0008122821868720611,
		"=": 0.00010637947755024499
	},
    "german": {
		"e": 0.16321247786744333,
		"n": 0.09005188812746932,
		"i": 0.07921437071926352,
		"r": 0.0745436200516375,
		"t": 0.06620819760801268,
		"s": 0.0619678283740452,
		"a": 0.05465095506635519,
		"d": 0.04693177660605018,
		"h": 0.0404524515783209,
		"l": 0.03587431617543587,
		"u": 0.03510548793574358,
		"g": 0.03142433501814518,
		"c": 0.026220888573213717,
		"o": 0.024679148271131893,
		"m": 0.0240381096500074,
		".": 0.022701338353777526,
		"b": 0.020522108466962858,
		"f": 0.017837116585869773,
		"w": 0.014859183351655031,
		"k": 0.014719312424274563,
		"z": 0.011022796554624641,
		"p": 0.010222172838218125,
		"v": 0.008308561586003106,
		"\u00fc": 0.006320639345779383,
		"\u00e4": 0.005638276328313772,
		"-": 0.002753371602803418,
		"\u00f6": 0.0026191645485685268,
		"j": 0.002191554280311694,
		"/": 0.001397955711283167,
		",": 0.001301694176276797,
		"y": 0.0009890872721904534,
		"x": 0.0006076144770250577,
		"'": 0.0005928349282159988,
		";": 0.0004585792570442356,
		"q": 0.0003041718655390681,
		"\u00e9": 2.394384140941278e-05,
		"=": 7.073764314862049e-06,
		"\u00e1": 4.108131165675898e-06,
		"`": 2.9899416176221034e-06,
		"\\": 2.771165401698535e-06,
		"\u00e8": 2.1877621592356853e-06,
		"\u00e2": 2.017602880184021e-06,
		"\u00ed": 1.8717520695683086e-06,
		"\u00f3": 1.7502097273885482e-06,
		"]": 1.5800504483368838e-06,
		"[": 1.5800504483368838e-06,
		"\u00e7": 1.142498016489747e-06,
		"\u00eb": 7.292540530785618e-07,
		"\u00fa": 6.077117108988015e-07,
		"\u00f4": 5.347863055909453e-07,
		"\u00e0": 3.8893549497523297e-07,
		"\u00ea": 3.646270265392809e-07,
		"\u00f1": 3.1601008966737677e-07,
		"\u00ee": 2.1877621592356853e-07,
		"\u00ef": 1.4585081061571235e-07,
		"\u00f9": 1.215423421797603e-07,
		"\u00f2": 9.723387374380824e-08,
		"\u00fb": 4.861693687190412e-08,
		"\u00ec": 2.430846843595206e-08
	},
    "albanian": {
		"e": 0.09860124296188132,
		"t": 0.08230536606149012,
		"ë": 0.08160517074862127,
		"i": 0.07903630228283011,
		"a": 0.07116262714127454,
		"r": 0.07090147974710174,
		"n": 0.06501408662433567,
		"s": 0.05379374757086465,
		"o": 0.038471300037355334,
		"h": 0.037962952121341,
		"m": 0.03636650265321069,
		"k": 0.032794847456910116,
		"u": 0.03176134361354114,
		"d": 0.03146675016534173,
		"j": 0.03128661172020742,
		"p": 0.02906482868859363,
		"l": 0.02406657936572986,
		"v": 0.013840717464128115,
		"g": 0.01335025402759611,
		"b": 0.010979672882105588,
		",": 0.01049123018401562,
		".": 0.010122313220501845,
		"f": 0.009137297657038761,
		"q": 0.008284083342052096,
		"z": 0.007140619222246102,
		"y": 0.005647161315738682,
		"c": 0.005610353659444006,
		"'": 0.0033829238914361106,
		"-": 0.0018873319340506514,
		"ç": 0.0018402789450007876,
		";": 0.0008473126256115566,
		"x": 0.0008462644855785374,
		"/": 0.0005297167529037256,
		"w": 0.00032702913300500426,
		"=": 4.1387367249759875e-05,
		"`": 3.2312929666593265e-05
	},
    "toki pona": {
		"a": 0.14771459976411877,
		"i": 0.14379126918540747,
		"n": 0.11687353075682572,
		"l": 0.0992386010799188,
		"e": 0.07751987740594837,
		"o": 0.07295469315382826,
		"t": 0.04712008279912387,
		"p": 0.046269626681857204,
		"k": 0.04588451447781192,
		"s": 0.04125514485835092,
		"m": 0.03997143751153331,
		"u": 0.03234942513980375,
		".": 0.022890106627941494,
		"w": 0.02256917979123709,
		"j": 0.018669918725278605,
		",": 0.010133264868941503,
		"'": 0.0067073708871220085,
		";": 0.004725647670472324,
		"/": 0.001797190285544653,
		"-": 0.0006418536734088046,
		"b": 0.00013639390559937097,
		"[": 0.00012837073468176092,
		"]": 0.00012837073468176092,
		"d": 8.023170917610057e-05,
		"c": 8.023170917610057e-05,
		"f": 7.220853825849052e-05,
		"=": 6.418536734088046e-05,
		"v": 5.6162196423270405e-05,
		"g": 5.6162196423270405e-05,
		"r": 5.6162196423270405e-05,
		"y": 3.209268367044023e-05,
		"h": 2.4069512752830175e-05,
		"z": 8.023170917610058e-06
	}
}